site,title,time
Yahoo Finance,Market Chatter: Apple to Open Up AI Models to Third-Party Developers,2025-05-20 12:19:06 EDT
Yahoo Finance,"Rivian & Samsara, Viking cruises, Apple Developers Conference",2025-05-20 12:10:44 EDT
Yahoo Finance,"Apple to Open AI Models to Developers, Betting That It Will Spur New Apps",2025-05-20 11:56:39 EDT
Yahoo Finance,Apple Ignores Trump Over Indian iPhone Plan. Why That’s Probably Smart.,2025-05-20 11:23:00 EDT
Yahoo Finance,"Magnificent Seven Stocks: Amazon, Nvidia Slide; Tesla Rallies",2025-05-20 11:15:42 EDT
Yahoo Finance,Charged: Tesla to restart shipping Chinese parts for U.S. production,2025-05-20 11:10:16 EDT
Yahoo Finance,Apple Faces Growth Constraints as Analysts Cite Market Headwinds,2025-05-20 10:51:12 EDT
Yahoo Finance,"Hon Hai Precision to invest $1.5B in India unit, Bloomberg reports",2025-05-20 10:50:19 EDT
Yahoo Finance,Well-Known Analyst Says Apple Inc. (AAPL) Is Enjoying a “Dream Scenario”,2025-05-20 10:49:32 EDT
Yahoo Finance,Smartphone exports from China to the U.S. are plunging,2025-05-20 10:29:00 EDT
Yahoo Finance,Apple Partner Foxconn Taps India With Massive $1.5B Investment,2025-05-20 09:44:11 EDT
Yahoo Finance,"Amer Sports, General Motors, Apple: Trending Tickers",2025-05-20 09:41:55 EDT
Yahoo Finance,Alphabet Traders Look to Developer Event to Shift AI Narrative,2025-05-20 09:35:03 EDT
Yahoo Finance,Cloud AI Today - Azure Managed Redis Boosts Performance With New Innovations,2025-05-20 08:44:29 EDT
Yahoo Finance,"Market Chatter: Apple iPhone, Other Smartphone Shipments From China to US Drop Drastically in April",2025-05-20 08:02:08 EDT
Yahoo Finance,Apple Supplier Foxconn to Invest $1.5 Billion in Indian Unit Amid Manufacturing Shift From China,2025-05-20 06:57:01 EDT
Yahoo Finance,"1 Unstoppable Stock That Could Join Nvidia, Apple, and Microsoft in the $3 Trillion Club in 2026",2025-05-20 04:56:00 EDT
Yahoo Finance,Chinese Smartphone Exports to US Plunge to Lowest Since 2011,2025-05-20 03:34:47 EDT
Yahoo Finance,Apple supplier Foxconn to invest $1.5 billion in India unit,2025-05-20 01:47:31 EDT
Yahoo Finance,Judge pressures Apple to approve Fortnite or return to court,2025-05-19 17:16:30 EDT
Finviz,"Apple to open its AI models to developers, Bloomberg News reports",2025-05-20 13:10:00 EDT
Finviz,"Rivian & Samsara, Viking cruises, Apple Developers Conference",2025-05-20 12:10:00 EDT
Finviz,"Apple to Open AI Models to Developers, Betting That It Will Spur New Apps",2025-05-20 11:56:00 EDT
Finviz,Amazon reportedly exploring foldable phone,2025-05-20 11:33:00 EDT
Finviz,Apple Ignores Trump Over Indian iPhone Plan. Why Thats Probably Smart.,2025-05-20 11:23:00 EDT
Finviz,"Magnificent Seven Stocks: Amazon, Nvidia Slide; Tesla Rallies",2025-05-20 11:15:00 EDT
Finviz,Charged: Tesla to restart shipping Chinese parts for U.S. production,2025-05-20 11:10:00 EDT
Finviz,Apple Faces Growth Constraints as Analysts Cite Market Headwinds,2025-05-20 10:51:00 EDT
Finviz,"Hon Hai Precision to invest $1.5B in India unit, Bloomberg reports",2025-05-20 10:50:00 EDT
Finviz,"Well-Known Analyst Says Apple Inc. (AAPL) Is Enjoying a ""Dream Scenario""",2025-05-20 10:49:00 EDT
Finviz,Smartphone exports from China to the U.S. are plunging,2025-05-20 10:29:00 EDT
Finviz,Apple Partner Foxconn Taps India With Massive $1.5B Investment,2025-05-20 09:44:00 EDT
Finviz,"Amer Sports, General Motors, Apple: Trending Tickers",2025-05-20 09:41:00 EDT
Finviz,Alphabet Traders Look to Developer Event to Shift AI Narrative,2025-05-20 09:35:00 EDT
Finviz,Companies Are Planning to Build Factories In America. Are Trump's Tariffs Working?,2025-05-20 06:00:00 EDT
Finviz,"1 Unstoppable Stock That Could Join Nvidia, Apple, and Microsoft in the $3 Trillion Club in 2026",2025-05-20 04:56:00 EDT
Finviz,Chinese Smartphone Exports to US Plunge to Lowest Since 2011,2025-05-20 03:34:00 EDT
Finviz,Apple supplier Foxconn to invest $1.5 billion in India unit,2025-05-20 01:47:00 EDT
Finviz,Foxconn injects US$1.5 billion into Indian subsidiary amid Apple diversification,2025-05-19 22:14:00 EDT
Finviz,Apple reportedly eyes major iPhone overhaul by 2027 as pressure of innovation grows,2025-05-19 21:44:00 EDT
Finviz,A New Bull Is Born and the U.S. Gets a Downgrade,2025-05-19 18:21:00 EDT
Finviz,eToro CEO Yoni Assia on the Long Road to Its IPO,2025-05-19 18:12:00 EDT
Finviz,Judge pressures Apple to approve Fortnite or return to court,2025-05-19 17:16:00 EDT
Finviz,Apple approves Spotify update so US users can buy audiobooks within the app,2025-05-19 17:09:00 EDT
Finviz,Alibaba Tumbles as Apple AI Pact Faces Scrutiny,2025-05-19 15:36:00 EDT
Finviz,Apple Struggles to Crack AI,2025-05-19 15:16:00 EDT
Finviz,"Apple Risks $27 Billion in Services Revenue, Evercore Says",2025-05-19 14:38:00 EDT
Finviz,Apple faces U.S. backlash over Alibaba China AI deal,2025-05-19 13:29:00 EDT
Finviz,"Tesla vs. Xiaomi, Apple-Alibaba AI concerns, Reddit downgrade",2025-05-19 13:14:00 EDT
Finviz,Apple vs. HP: Which PC Maker Stock is a Better Buy Right Now?,2025-05-19 12:26:00 EDT
Finviz,Alibaba Stock Falls On Report That Apple AI Partnership Is Under Scrutiny,2025-05-19 11:59:00 EDT
Finviz,"Apple Stock Faces Major Legal Risks. Heres How Bad It Could Get, Says Analyst.",2025-05-19 11:26:00 EDT
Finviz,Magnificent 7 Trades at Seven-Year Low Valuation,2025-05-19 11:12:00 EDT
Finviz,Apple Inc. (AAPL) Faces AI Roadblock as Competition Heats Up,2025-05-19 10:31:00 EDT
Finviz,"Warren Buffett Stocks: Berkshire Exits Citi, Nu Holdings; Cuts These Names",2025-05-19 10:31:00 EDT
Finviz,Alibaba Fall After U.S. Throws Wrench in Apple's China AI Deal,2025-05-19 10:15:00 EDT
Finviz,Ex-Siri head reportedly wanted Apple to choose Google's Gemini over ChatGPT,2025-05-19 10:15:00 EDT
Finviz,"Apple remains under-owned vs. peers, Meta still over-held - Morgan Stanley",2025-05-19 09:50:00 EDT
Finviz,"Zacks Investment Ideas feature highlights: Arista Networks, Apple and Applied Industrial Technologies",2025-05-19 09:26:00 EDT
Finviz,Alibaba (BABA) Shares Tumble 5% as U.S. Probes Apple AI Deal,2025-05-19 08:46:00 EDT
Finviz,"Apple inadvertently became the largest supporter of 'Made in China 2025', says author Patrick McGee",2025-05-19 08:28:00 EDT
Finviz,Magnificent 7 Stocks Shift Toward Stability and Selective Growth,2025-05-19 08:15:00 EDT
Finviz,This could be another market surprise after the Moody's US credit rating downgrade,2025-05-19 08:09:00 EDT
Finviz,Is iShares Paris-Aligned Climate MSCI USA ETF (PABU) a Strong ETF Right Now?,2025-05-19 06:20:00 EDT
Finviz,Should Schwab 1000 Index ETF (SCHK) Be on Your Investing Radar?,2025-05-19 06:20:00 EDT
Finviz,Missed Out on Apple in 2012? Buying Nvidia Stock Today Could Be Your Second Chance,2025-05-19 04:12:00 EDT
Finviz,Alibaba Shares Slide as AI Deal With Apple Faces US Scrutiny,2025-05-18 23:29:00 EDT
Finviz,"India roundup: Made in US, China, or India? Global supply tug-of-war deepens",2025-05-18 18:51:00 EDT
Finviz,"Bull Case ""Back on the Table"" for Apple, Microsoft, and Palantir Following Trade Truce, Says Dan Ives",2025-05-18 18:10:00 EDT
Finviz,Big Tech Breathes Life into Q1 Earnings,2025-05-18 15:26:00 EDT
Finviz,Warren Buffett's $347 Billion Warning to Wall Street Is Ringing Out Loud and Clear. History Says This Happens Next.,2025-05-18 15:10:00 EDT
Finviz,U.S. lawmakers have concerns about Apple-Alibaba deal,2025-05-18 10:35:00 EDT
Finviz,Big Tech Goes From Stock Markets Safest Bet to Biggest Question,2025-05-18 08:00:00 EDT
Finviz,Trade deals take center stage: What to know this week,2025-05-18 07:30:00 EDT
Finviz,Trade deals in focus as markets eye Fed moves: What to know this week,2025-05-18 07:30:00 EDT
Finviz,Trade deals in focus amid stock market rebound: What to know this week,2025-05-18 07:30:00 EDT
Finviz,Wedbush: Apple (AAPL) Eyes India as Key iPhone Hub,2025-05-18 07:01:00 EDT
Finviz,"Dan Ives Says U.S.-China Tariff Pause Is a ""Dream Scenario"" for Apple. Is This the Buy Signal Investors Were Waiting For?",2025-05-18 06:30:00 EDT
Finviz,Trump tariff uncertainty still makes earnings estimates and guidance useless,2025-05-18 06:00:00 EDT
Finviz,32.9% of Warren Buffett's $286 Billion Portfolio Is Invested in 3 Artificial Intelligence (AI) Stocks,2025-05-18 04:51:00 EDT
Finviz,Apple Is Threatening to Challenge Alphabet's Empire: Is the Stock a Buy?,2025-05-17 20:15:00 EDT
Finviz,"Beyond Nvidia, Four Things to Know at Asias Biggest Tech Show",2025-05-17 20:00:00 EDT
Finviz,"Apple iPhone Production In US 'Not Feasible,' Says Tech Bull After Donald Trump Tells Tim Cook To Stay Out Of India",2025-05-17 19:31:00 EDT
Finviz,The Best Warren Buffett Stocks to Buy With $500 Right Now,2025-05-17 18:14:00 EDT
Finviz,Epic Games asks judge to force Apple to approve Fortnite,2025-05-17 12:20:00 EDT
Finviz,Apples love affair with India is being tested by Trumps little problem with CEO Tim Cook,2025-05-17 08:00:00 EDT
Finviz,"AI Agents Face One Last, Big Obstacle",2025-05-17 08:00:00 EDT
Finviz,"Apple blocks Fortnite on iOS globally, Epic Games says, weeks after the developer scored a big win in court",2025-05-17 07:37:00 EDT
Finviz,"Nvidia gets an AI boost, Meta hits a AI roadblock, and Apple's brutal year: Tech news roundup",2025-05-17 07:00:00 EDT
Finviz,3 Best Artificial Intelligence Stocks to Buy in May,2025-05-17 05:15:00 EDT
Finviz,2 Warren Buffett Stocks to Buy Hand Over Fist and 1 to Avoid,2025-05-17 04:41:00 EDT
Finviz,"Meet the Unstoppable Vanguard ETF With 54.9% of Its Portfolio Invested in the ""Magnificent Seven"" Stocks",2025-05-17 04:38:00 EDT
Finviz,Prediction: This AI Stock Will Be Worth More Than Apple By the End of 2025,2025-05-17 04:35:00 EDT
Finviz,Why Alphabet Stock Ticked Higher Today,2025-05-16 18:45:00 EDT
Finviz,Apple (AAPL) Faces Trump Pushback Over India Manufacturing Shift,2025-05-16 16:45:00 EDT
Finviz,"Trump Had A 'Little Problem' With Apple CEO Tim Cook, Says 'I Don't Want You Building In India'",2025-05-16 16:31:00 EDT
Finviz,Dan Ives: Apple's in the eye of the trade policy storm,2025-05-16 16:17:00 EDT
Finviz,Nvidia (NVDA) Nears Apple (AAPL) in Market Cap Amid AI Tailwinds,2025-05-16 15:09:00 EDT
Finviz,Intel's new chip manufacturing technology is its greatest hope for a turnaround  and its biggest risk,2025-05-16 14:39:00 EDT
Finviz,Apple Stock Has Been in the Tariff Spotlight. Where Things Stand Now.,2025-05-16 14:36:00 EDT
Finviz,"Why Making iPhones in the US Is a 'Non-Starter,' Wedbush Says, as Trump Pressures Apple",2025-05-16 14:34:00 EDT
Finviz,QCOM Unveils Advanced Snapdragon 7 Chipset: Should You Buy the Stock?,2025-05-16 14:23:00 EDT
Finviz,Epic Games says Apple blocked 'Fortnite' in U.S. app store,2025-05-16 13:33:00 EDT
Finviz,Apple CEOs business plan provokes US president,2025-05-16 13:33:00 EDT
Finviz,Squawk Pod: Orange-Pilled with Mike Novogratz & President Trump vs. Tim Cook - 05/16/25  Audio Only,2025-05-16 13:17:00 EDT
Finviz,Epic Games' 'Fortnite' Offline on iOS as Firm Says Apple Blocked Game's Return,2025-05-16 13:16:00 EDT
Finviz,Broadcom Stock Pauses After Strong Rally In Chip Designer Industry Group,2025-05-16 13:10:00 EDT
Finviz,"Apple (AAPL) Plans AI Chip Push With Smart Glasses, New Mac Chips",2025-05-16 12:37:00 EDT
Finviz,Squawk Pod: Alexis Ohanian's new stake in Chelsea Women FC - 05/15/25  Audio Only,2025-05-16 12:17:00 EDT
Finviz,"Epic Games Fortnite Claims Apple Blocked Submission, Now Unavailable on iOS",2025-05-16 12:07:00 EDT
Finviz,Fortnite says its now offline on Apple's iOS around the world,2025-05-16 11:57:00 EDT
Finviz,Fortnite says it's offline on Apple's iOS around the world,2025-05-16 11:57:00 EDT
Finviz,Taiwan Semiconductor Stock Is The Gift That Keeps on Giving,2025-05-16 11:24:00 EDT
Finviz,Stock Buyback Bonanza: 3 Companies Scooping Up Shares,2025-05-16 11:15:00 EDT
Finviz,"Applied Materials, Nvidia, Apple & Fortnite: Trending Tickers",2025-05-16 10:48:00 EDT
Finviz,Trump Trade: Trump asks Apple to stop building iPhone plants in India,2025-05-16 10:20:00 EDT
Finviz,Nvidia customers will push into AI until they 'become irrelevant',2025-05-16 10:10:00 EDT
Finviz,"Apple Defies Trump, Retains India-China Production Hubs",2025-05-16 09:55:00 EDT
Finviz,Nvidia Shares Roar Back as Clouds Hanging Over Chipmaker Fade,2025-05-16 09:48:00 EDT
Finviz,Epic Games says Apple is blocking Fortnite from the US and EU App Stores,2025-05-16 09:44:00 EDT
